game_id,date,map,mode,win,name,hero,class,is_my_team,is_known,Takedowns,SoloKill,Deaths,Assists,HighestKillStreak,HeroDamage,SiegeDamage,StructureDamage,MinionDamage,CreepDamage,SummonDamage,DamageTaken,DamageSoaked,Healing,SelfHealing,TeamfightHeroDamage,TeamfightDamageTaken,TeamfightHealingDone,TimeSpentDead,TimeCCdEnemyHeroes,TimeStunningEnemyHeroes,TimeRootingEnemyHeroes,TimeSilencingEnemyHeroes,ProtectionGivenToAllies,ClutchHealsPerformed,EscapesPerformed,VengeancesPerformed,OutnumberedDeaths,MercCampCaptures,WatchTowerCaptures,TownKills,ExperienceContribution,Level,GameScore,GardenSeedsCollectedByPlayer,CurseDamageDone,TimeOnPoint,RavenTributesCollected,RegenGlobes,CageUnlocksInterrupted,KilledTreasureGoblin,EndOfMatchAward0DeathsBoolean,EndOfMatchAward0OutnumberedDeathsBoolean,EndOfMatchAwardClutchHealerBoolean,EndOfMatchAwardGivenToNonwinner,EndOfMatchAwardHatTrickBoolean,EndOfMatchAwardHighestKillStreakBoolean,EndOfMatchAwardMVPBoolean,EndOfMatchAwardMapSpecificBoolean,EndOfMatchAwardMostAltarDamageDone,EndOfMatchAwardMostCoinsPaidBoolean,EndOfMatchAwardMostCurseDamageDoneBoolean,EndOfMatchAwardMostDamageDoneToZergBoolean,EndOfMatchAwardMostDamageTakenBoolean,EndOfMatchAwardMostDamageToMinionsBoolean,EndOfMatchAwardMostDamageToPlantsBoolean,EndOfMatchAwardMostDaredevilEscapesBoolean,EndOfMatchAwardMostDragonShrinesCapturedBoolean,EndOfMatchAwardMostEscapesBoolean,EndOfMatchAwardMostGemsTurnedInBoolean,EndOfMatchAwardMostHealingBoolean,EndOfMatchAwardMostHeroDamageDoneBoolean,EndOfMatchAwardMostImmortalDamageBoolean,EndOfMatchAwardMostInterruptedCageUnlocksBoolean,EndOfMatchAwardMostKillsBoolean,EndOfMatchAwardMostMercCampsCapturedBoolean,EndOfMatchAwardMostNukeDamageDoneBoolean,EndOfMatchAwardMostProtectionBoolean,EndOfMatchAwardMostRootsBoolean,EndOfMatchAwardMostSeedsCollectedBoolean,EndOfMatchAwardMostSiegeDamageDoneBoolean,EndOfMatchAwardMostSilencesBoolean,EndOfMatchAwardMostSkullsCollectedBoolean,EndOfMatchAwardMostStunsBoolean,EndOfMatchAwardMostTeamfightDamageTakenBoolean,EndOfMatchAwardMostTeamfightHealingDoneBoolean,EndOfMatchAwardMostTeamfightHeroDamageDoneBoolean,EndOfMatchAwardMostTimeInTempleBoolean,EndOfMatchAwardMostTimeOnPointBoolean,EndOfMatchAwardMostTimePushingBoolean,EndOfMatchAwardMostVengeancesPerformedBoolean,EndOfMatchAwardMostXPContributionBoolean,Tier1Talent,Tier2Talent,Tier3Talent,Tier4Talent,Tier5Talent,Tier6Talent,Tier7Talent
Alterac Pass_100000000,2024-11-02,Alterac Pass,Storm League,False,Player2,Varian,Bruiser,True,True,2,1,5,11,1,46062,51925,10647,32493,3611,3679,58618,38231,53,6216,36405,15231,13848,87,17,4,3,5,1674,0,3,0,1,2,2,2,4355,22,,,,,,,,,,,,,,,,,,,,,,,,,,,,,,,,,,,,,,,,,,,,,,,,,,,,,,,,
Alterac Pass_100000000,2024-11-02,Alterac Pass,Storm League,False,Player3,Cho,Tank,True,True,8,3,1,10,3,67400,42837,3150,9558,750,1866,38965,25229,1907,7098,13309,22455,9108,116,40,11,2,5,5820,1,2,2,2,0,2,1,8375,18,,,,,,,,,,,,,,,,,,,,,,,,,,,,,,,,,,,,,,,,,,,,,,,,,,,,,,,,
Alterac Pass_100000000,2024-11-02,Alterac Pass,Storm League,False,Player4,Ana,Healer,True,True,5,3,3,12,5,48785,49866,5313,8665,3752,262,40673,46290,17546,542,16913,39921,18585,80,13,20,7,6,7517,1,2,0,0,2,2,3,8780,21,,,,,,,,,,,,,,,,,,,,,,,,,,,,,,,,,,,,,,,,,,,,,,,,,,,,,,,,
Alterac Pass_100000000,2024-11-02,Alterac Pass,Storm League,False,Player5,Johanna,Tank,True,True,6,1,5,9,1,26175,12185,2504,15484,6916,4885,24163,45216,3126,4881,25337,27338,8238,141,0,3,10,8,4371,2,0,1,1,1,1,0,6157,17,,,,,,,,,,,,,,,,,,,,,,,,,,,,,,,,,,,,,,,,,,,,,,,,,,,,,,,,
Alterac Pass_100000000,2024-11-02,Alterac Pass,Storm League,False,Player6,Hogger,Bruiser,True,True,8,2,6,10,5,46071,15016,6126,15587,8837,4344,20037,59252,2655,4002,10638,13665,11894,78,15,1,3,9,1290,0,3,0,2,1,0,3,8503,17,,,,,,,,,,,,,,,,,,,,,,,,,,,,,,,,,,,,,,,,,,,,,,,,,,,,,,,,
Alterac Pass_100000000,2024-11-02,Alterac Pass,Storm League,True,Rival4,Stukov,Healer,False,False,8,4,4,5,5,46365,51723,5107,31148,6118,3588,53919,49588,7930,2030,17362,12098,11078,5,37,17,3,9,3608,0,0,2,2,0,0,0,4257,20,,,,,,,,,,,,,,,,,,,,,,,,,,,,,,,,,,,,,,,,,,,,,,,,,,,,,,,,
Alterac Pass_100000000,2024-11-02,Alterac Pass,Storm League,True,Rival3,Brightwing,Healer,False,False,5,1,3,12,4,48080,40339,2167,35976,3981,3874,46677,32478,6181,794,31593,24124,11609,108,26,14,0,10,1612,0,3,2,1,0,0,1,5558,22,,,,,,,,,,,,,,,,,,,,,,,,,,,,,,,,,,,,,,,,,,,,,,,,,,,,,,,,
Alterac Pass_100000000,2024-11-02,Alterac Pass,Storm League,True,Rival2,Tychus,Ranged Assassin,False,False,5,1,3,9,2,29880,34041,13238,11416,828,4428,20967,26112,1936,1362,23317,25913,15773,54,25,1,2,6,35,3,2,1,1,3,2,3,5268,18,,,,,,,,,,,,,,,,,,,,,,,,,,,,,,,,,,,,,,,,,,,,,,,,,,,,,,,,
Alterac Pass_100000000,2024-11-02,Alterac Pass,Storm League,True,Rival6,Muradin,Tank,False,False,5,0,5,10,1,61104,8746,821,36246,8238,4350,30317,23727,4160,656,37896,16089,2245,17,15,12,1,9,4033,0,0,1,2,2,1,1,6573,18,,,,,,,,,,,,,,,,,,,,,,,,,,,,,,,,,,,,,,,,,,,,,,,,,,,,,,,,
Alterac Pass_100000000,2024-11-02,Alterac Pass,Storm League,True,Rival7,Anduin,Healer,False,False,7,1,6,12,3,79929,25720,12318,9754,152,3754,60708,56896,6552,600,27617,16984,16576,67,8,11,1,3,6054,2,1,1,2,2,2,0,8543,19,,,,,,,,,,,,,,,,,,,,,,,,,,,,,,,,,,,,,,,,,,,,,,,,,,,,,,,,
Braxis Holdout_100000001,2024-11-09,Braxis Holdout,Storm League,True,Player1,Yrel,Bruiser,True,True,11,2,1,3,4,56265,7889,58,26859,2143,2145,30589,68577,3619,4519,33123,24014,18379,2,7,2,2,8,590,2,1,1,0,0,1,2,4326,20,,,,,,,,,,,,,,,,,,,,,,,,,,,,,,,,,,,,,,,,,,,,,,,,,,,,,,,,
Braxis Holdout_100000001,2024-11-09,Braxis Holdout,Storm League,True,Player3,Chen,Bruiser,True,True,8,1,6,3,3,73264,45675,12279,15128,3878,1331,31603,47020,203,1469,34135,20885,13491,63,17,5,1,6,634,3,1,0,1,2,1,1,5826,15,,,,,,,,,,,,,,,,,,,,,,,,,,,,,,,,,,,,,,,,,,,,,,,,,,,,,,,,
Braxis Holdout_100000001,2024-11-09,Braxis Holdout,Storm League,True,Player4,Deathwing,Bruiser,True,True,6,2,3,3,3,66025,47040,8346,31193,8785,2712,21808,27559,2139,1462,29024,18698,1253,27,38,13,5,5,7149,0,3,2,0,2,0,3,4013,18,,,,,,,,,,,,,,,,,,,,,,,,,,,,,,,,,,,,,,,,,,,,,,,,,,,,,,,,
Braxis Holdout_100000001,2024-11-09,Braxis Holdout,Storm League,True,Player5,Imperius,Bruiser,True,True,8,0,6,7,5,61145,48475,13893,13167,4920,4154,40269,63705,3345,2672,23185,32846,9688,141,8,6,6,10,6211,1,2,1,2,0,1,2,5721,21,,,,,,,,,,,,,,,,,,,,,,,,,,,,,,,,,,,,,,,,,,,,,,,,,,,,,,,,
Braxis Holdout_100000001,2024-11-09,Braxis Holdout,Storm League,True,Player6,Cho,Tank,True,True,8,3,4,12,2,87000,36010,13004,16120,1389,2324,53780,63506,2745,765,36818,34613,7696,79,14,6,2,0,757,1,3,2,0,3,1,1,7145,22,,,,,,,,,,,,,,,,,,,,,,,,,,,,,,,,,,,,,,,,,,,,,,,,,,,,,,,,
Braxis Holdout_100000001,2024-11-09,Braxis Holdout,Storm League,False,Rival2,Tyrande,Healer,False,False,7,1,6,2,1,75724,19341,2881,38944,7611,411,56530,36331,7953,3739,14369,36260,15225,135,35,19,5,7,8270,3,3,0,2,3,1,2,6025,19,,,,,,,,,,,,,,,,,,,,,,,,,,,,,,,,,,,,,,,,,,,,,,,,,,,,,,,,
Braxis Holdout_100000001,2024-11-09,Braxis Holdout,Storm League,False,Rival9,Gazlowe,Bruiser,False,False,11,1,3,9,1,57450,20367,4451,27010,5238,4424,25280,29068,1235,1894,22551,32739,5007,54,4,13,6,5,8890,3,3,0,0,3,1,0,8716,21,,,,,,,,,,,,,,,,,,,,,,,,,,,,,,,,,,,,,,,,,,,,,,,,,,,,,,,,
Braxis Holdout_100000001,2024-11-09,Braxis Holdout,Storm League,False,Rival3,Li-Ming,Ranged Assassin,False,False,7,2,3,8,4,48906,36996,3595,22887,7140,3978,21902,45484,2753,5479,32254,36153,13248,42,29,4,9,8,441,3,0,0,2,3,0,3,5488,15,,,,,,,,,,,,,,,,,,,,,,,,,,,,,,,,,,,,,,,,,,,,,,,,,,,,,,,,
Braxis Holdout_100000001,2024-11-09,Braxis Holdout,Storm League,False,Rival8,Zeratul,Melee Assassin,False,False,7,2,2,9,3,64236,54887,14412,29846,4558,3453,36532,25367,3852,158,34544,27675,1706,89,14,20,1,10,659,0,1,0,0,1,0,1,7879,16,,,,,,,,,,,,,,,,,,,,,,,,,,,,,,,,,,,,,,,,,,,,,,,,,,,,,,,,
Braxis Holdout_100000001,2024-11-09,Braxis Holdout,Storm League,False,Rival7,Varian,Bruiser,False,False,6,2,3,4,5,35012,55973,13423,15732,5096,885,57924,21682,2555,4716,32195,39754,12298,101,12,2,9,10,3978,0,2,2,2,0,2,0,6844,21,,,,,,,,,,,,,,,,,,,,,,,,,,,,,,,,,,,,,,,,,,,,,,,,,,,,,,,,
Cursed Hollow_100000002,2024-11-16,Cursed Hollow,Storm League,True,Player1,Yrel,Bruiser,True,True,7,4,6,6,5,83372,35465,7136,22589,5280,2011,25679,38279,3692,1997,34591,25227,18672,97,21,0,7,5,2979,3,1,1,1,2,1,2,8553,15,,,,,,,,,,,,,,,,,,,,,,,,,,,,,,,,,,,,,,,,,,,,,,,,,,,,,,,,
Cursed Hollow_100000002,2024-11-16,Cursed Hollow,Storm League,True,Player2,Maiev,Melee Assassin,True,True,9,0,2,8,4,51499,50259,7800,37166,7342,141,26098,39283,1815,3312,32668,17972,10033,148,23,15,8,8,5632,3,2,1,2,3,1,2,6059,18,,,,,,,,,,,,,,,,,,,,,,,,,,,,,,,,,,,,,,,,,,,,,,,,,,,,,,,,
Cursed Hollow_100000002,2024-11-16,Cursed Hollow,Storm League,True,Player4,Auriel,Healer,True,True,6,1,3,3,5,44267,17552,3545,36732,4530,4829,69820,54382,39111,2318,13294,37283,6360,75,14,11,2,4,231,1,2,0,0,2,2,1,8021,16,,,,,,,,,,,,,,,,,,,,,,,,,,,,,,,,,,,,,,,,,,,,,,,,,,,,,,,,
Cursed Hollow_100000002,2024-11-16,Cursed Hollow,Storm League,True,Player5,Rexxar,Bruiser,True,True,4,2,4,9,4,64657,17082,841,21546,7827,934,24282,46260,4028,606,28907,30625,1756,38,9,18,4,1,4066,0,3,2,2,1,2,3,7690,22,,,,,,,,,,,,,,,,,,,,,,,,,,,,,,,,,,,,,,,,,,,,,,,,,,,,,,,,
Cursed Hollow_100000002,2024-11-16,Cursed Hollow,Storm League,True,Player6,Whitemane,Healer,True,True,10,4,4,6,5,27894,44952,12125,11503,3404,1728,37343,63281,5320,1286,17859,15695,18087,19,10,0,6,7,9729,3,2,0,0,2,2,2,7719,16,,,,,,,,,,,,,,,,,,,,,,,,,,,,,,,,,,,,,,,,,,,,,,,,,,,,,,,,
Cursed Hollow_100000002,2024-11-16,Cursed Hollow,Storm League,False,Rival6,Chen,Bruiser,False,False,5,4,6,5,4,35043,40688,3683,14764,4352,1165,24679,23908,1359,6493,20079,29498,18651,73,28,3,7,4,6594,2,3,1,0,0,1,2,8945,19,,,,,,,,,,,,,,,,,,,,,,,,,,,,,,,,,,,,,,,,,,,,,,,,,,,,,,,,
Cursed Hollow_100000002,2024-11-16,Cursed Hollow,Storm League,False,Rival1,Murky,Melee Assassin,False,False,0,1,6,11,5,22719,55119,11014,22662,9441,329,69562,31481,3854,4251,31348,24490,9114,46,37,13,10,7,1494,3,2,1,1,2,2,0,5317,20,,,,,,,,,,,,,,,,,,,,,,,,,,,,,,,,,,,,,,,,,,,,,,,,,,,,,,,,
Cursed Hollow_100000002,2024-11-16,Cursed Hollow,Storm League,False,Rival7,Lúcio,Healer,False,False,11,3,3,12,4,24809,34807,1442,25612,4135,2648,27597,46488,33724,6757,10037,31550,17779,118,26,1,3,8,5927,3,3,0,0,2,2,1,6359,22,,,,,,,,,,,,,,,,,,,,,,,,,,,,,,,,,,,,,,,,,,,,,,,,,,,,,,,,
Cursed Hollow_100000002,2024-11-16,Cursed Hollow,Storm League,False,Rival8,Varian,Bruiser,False,False,7,0,6,11,2,40758,25365,9024,5896,9048,3342,26108,34725,929,3780,13849,31224,5045,127,18,16,4,6,7905,3,1,1,2,1,1,1,8910,17,,,,,,,,,,,,,,,,,,,,,,,,,,,,,,,,,,,,,,,,,,,,,,,,,,,,,,,,
Cursed Hollow_100000002,2024-11-16,Cursed Hollow,Storm League,False,Rival4,Orphea,Ranged Assassin,False,False,3,3,3,10,3,20336,23536,11895,24566,9616,4750,63249,52089,1217,3658,27648,25870,11309,85,35,17,6,7,5272,1,1,2,1,1,1,0,6606,22,,,,,,,,,,,,,,,,,,,,,,,,,,,,,,,,,,,,,,,,,,,,,,,,,,,,,,,,
Dragon Shire_100000003,2024-11-23,Dragon Shire,Quick Match,False,Player1,Mal'Ganis,Tank,True,True,5,1,1,9,3,64375,45845,11349,31049,1315,2691,64194,54971,3113,7816,20376,30538,15989,138,2,19,1,3,4708,1,0,1,0,0,1,1,6453,15,,,,,,,,,,,,,,,,,,,,,,,,,,,,,,,,,,,,,,,,,,,,,,,,,,,,,,,,
Dragon Shire_100000003,2024-11-23,Dragon Shire,Quick Match,False,Player2,Malfurion,Healer,True,True,2,0,3,7,3,76450,14540,4000,39810,6751,4636,64682,31800,11140,1434,12587,29971,12535,61,31,18,2,3,7555,2,3,1,2,0,1,2,8477,17,,,,,,,,,,,,,,,,,,,,,,,,,,,,,,,,,,,,,,,,,,,,,,,,,,,,,,,,
Dragon Shire_100000003,2024-11-23,Dragon Shire,Quick Match,False,Player3,Yrel,Bruiser,True,True,4,2,5,6,4,52780,34939,13849,24799,3263,3151,51667,26989,1943,3124,28740,21762,18835,75,18,0,10,6,4497,0,0,2,2,3,1,1,8973,20,,,,,,,,,,,,,,,,,,,,,,,,,,,,,,,,,,,,,,,,,,,,,,,,,,,,,,,,
Dragon Shire_100000003,2024-11-23,Dragon Shire,Quick Match,False,Player5,Xul,Bruiser,True,True,8,1,5,6,2,32735,46121,10589,7583,5061,3611,22186,57982,2988,5999,14306,12953,9670,83,26,5,3,2,8837,2,2,0,1,3,1,2,4943,22,,,,,,,,,,,,,,,,,,,,,,,,,,,,,,,,,,,,,,,,,,,,,,,,,,,,,,,,
Dragon Shire_100000003,2024-11-23,Dragon Shire,Quick Match,False,Player6,Dehaka,Bruiser,True,True,2,1,6,12,4,67942,10918,12954,30858,228,2166,55164,28099,3725,3019,32047,34543,8590,149,24,20,5,1,3830,3,0,2,2,2,2,1,4517,22,,,,,,,,,,,,,,,,,,,,,,,,,,,,,,,,,,,,,,,,,,,,,,,,,,,,,,,,
Dragon Shire_100000003,2024-11-23,Dragon Shire,Quick Match,True,Rival8,Li Li,Healer,False,False,9,3,1,4,1,24877,24946,8071,12610,1592,1923,55228,28890,25470,3716,22157,31970,17701,107,37,4,6,10,1622,3,3,1,0,2,0,3,7642,18,,,,,,,,,,,,,,,,,,,,,,,,,,,,,,,,,,,,,,,,,,,,,,,,,,,,,,,,
Dragon Shire_100000003,2024-11-23,Dragon Shire,Quick Match,True,Rival1,Cassia,Ranged Assassin,False,False,5,2,5,12,3,27936,31092,4520,17439,2001,3725,26007,63435,1737,5256,30954,29567,699,12,21,7,2,9,3362,0,1,2,0,1,1,1,8882,15,,,,,,,,,,,,,,,,,,,,,,,,,,,,,,,,,,,,,,,,,,,,,,,,,,,,,,,,
Dragon Shire_100000003,2024-11-23,Dragon Shire,Quick Match,True,Rival3,Nazeebo,Ranged Assassin,False,False,10,1,2,10,3,42871,12204,10830,6689,2159,121,43477,35593,4823,2652,10517,15709,8695,13,8,13,8,1,1041,3,3,1,2,0,1,1,4355,19,,,,,,,,,,,,,,,,,,,,,,,,,,,,,,,,,,,,,,,,,,,,,,,,,,,,,,,,
Dragon Shire_100000003,2024-11-23,Dragon Shire,Quick Match,True,Rival5,Sonya,Bruiser,False,False,12,0,1,9,4,75872,49964,1768,37130,7267,602,25294,41109,4983,1215,12152,14135,9011,149,35,10,6,9,8692,2,3,2,2,3,0,0,8516,18,,,,,,,,,,,,,,,,,,,,,,,,,,,,,,,,,,,,,,,,,,,,,,,,,,,,,,,,
Dragon Shire_100000003,2024-11-23,Dragon Shire,Quick Match,True,Rival7,Orphea,Ranged Assassin,False,False,9,1,4,7,4,72262,32262,11953,11231,5120,3496,40481,63588,2088,3066,15001,32505,15540,17,5,2,1,6,1582,2,1,2,0,2,2,0,7365,20,,,,,,,,,,,,,,,,,,,,,,,,,,,,,,,,,,,,,,,,,,,,,,,,,,,,,,,,
Cursed Hollow_100000004,2024-11-30,Cursed Hollow,ARAM,True,Player1,Zagara,Ranged Assassin,True,True,11,4,3,3,3,49643,57902,7030,6720,9977,2190,21897,31823,2238,5756,34982,20124,11135,89,0,5,2,9,6566,0,1,2,2,0,0,1,7081,21,,,,,,,,,,,,,,,,,,,,,,,,,,,,,,,,,,,,,,,,,,,,,,,,,,,,,,,,
Cursed Hollow_100000004,2024-11-30,Cursed Hollow,ARAM,True,Player2,Muradin,Tank,True,True,9,1,3,6,3,31135,8447,2549,15316,815,668,37832,49039,3473,3978,29892,24484,13571,69,13,16,1,5,7043,0,2,2,2,3,2,2,4372,18,,,,,,,,,,,,,,,,,,,,,,,,,,,,,,,,,,,,,,,,,,,,,,,,,,,,,,,,
Cursed Hollow_100000004,2024-11-30,Cursed Hollow,ARAM,True,Player3,Artanis,Bruiser,True,True,10,0,1,5,3,47686,55289,2248,21745,4742,2687,27863,20506,4074,6119,24111,15757,4233,97,34,7,8,8,5802,0,3,2,0,3,0,3,4637,20,,,,,,,,,,,,,,,,,,,,,,,,,,,,,,,,,,,,,,,,,,,,,,,,,,,,,,,,
Cursed Hollow_100000004,2024-11-30,Cursed Hollow,ARAM,True,Player4,Junkrat,Ranged Assassin,True,True,10,3,6,12,4,57947,12548,6636,6366,5321,1407,60509,50152,2964,721,24310,37672,3468,62,27,18,6,8,1288,3,2,2,1,1,1,1,4625,16,,,,,,,,,,,,,,,,,,,,,,,,,,,,,,,,,,,,,,,,,,,,,,,,,,,,,,,,
Cursed Hollow_100000004,2024-11-30,Cursed Hollow,ARAM,True,Player6,Tyrael,Tank,True,True,12,1,3,7,2,50968,11737,2399,21775,3232,1421,59478,30018,617,1451,35324,30576,16191,118,36,18,7,10,9248,2,2,0,1,0,1,3,6480,19,,,,,,,,,,,,,,,,,,,,,,,,,,,,,,,,,,,,,,,,,,,,,,,,,,,,,,,,
Cursed Hollow_100000004,2024-11-30,Cursed Hollow,ARAM,False,Rival5,Genji,Ranged Assassin,False,False,2,4,1,6,4,79233,7464,932,29165,4703,628,62248,25917,4866,4153,22598,25162,19016,141,2,14,9,10,3084,2,3,2,0,0,1,0,6813,16,,,,,,,,,,,,,,,,,,,,,,,,,,,,,,,,,,,,,,,,,,,,,,,,,,,,,,,,
Cursed Hollow_100000004,2024-11-30,Cursed Hollow,ARAM,False,Rival6,Dehaka,Bruiser,False,False,13,1,1,5,4,77595,39345,8564,15403,5962,3054,38539,45389,3348,6344,21087,32246,19591,13,40,20,5,1,5401,0,3,1,1,1,1,0,8773,17,,,,,,,,,,,,,,,,,,,,,,,,,,,,,,,,,,,,,,,,,,,,,,,,,,,,,,,,
Cursed Hollow_100000004,2024-11-30,Cursed Hollow,ARAM,False,Rival2,Yrel,Bruiser,False,False,7,3,2,11,1,60577,41629,6171,26527,2093,4312,26124,62337,3468,4165,21856,10597,11881,79,11,6,5,7,3145,1,1,0,0,2,0,0,6758,17,,,,,,,,,,,,,,,,,,,,,,,,,,,,,,,,,,,,,,,,,,,,,,,,,,,,,,,,
Cursed Hollow_100000004,2024-11-30,Cursed Hollow,ARAM,False,Rival10,Ragnaros,Bruiser,False,False,7,1,2,11,2,77366,7863,6731,28874,3891,3638,60015,38673,3677,1916,27498,17837,10140,120,12,11,10,9,7218,3,2,1,2,3,0,1,8953,17,,,,,,,,,,,,,,,,,,,,,,,,,,,,,,,,,,,,,,,,,,,,,,,,,,,,,,,,
Cursed Hollow_100000004,2024-11-30,Cursed Hollow,ARAM,False,Rival7,Greymane,Ranged Assassin,False,False,4,3,3,10,1,87621,13170,4670,10496,2626,2234,49446,53643,1207,6807,24335,13005,7275,115,22,0,6,0,6495,2,1,1,0,2,0,0,6610,16,,,,,,,,,,,,,,,,,,,,,,,,,,,,,,,,,,,,,,,,,,,,,,,,,,,,,,,,
Sky Temple_100000005,2024-12-07,Sky Temple,Storm League,True,Player1,Xul,Bruiser,True,True,5,1,5,11,5,75476,12286,12716,23881,3893,2467,27985,23129,1953,3439,30937,36014,14978,16,7,15,9,8,269,1,1,1,1,0,2,2,5970,21,,,,,,,,,,,,,,,,,,,,,,,,,,,,,,,,,,,,,,,,,,,,,,,,,,,,,,,,
Sky Temple_100000005,2024-12-07,Sky Temple,Storm League,True,Player2,Li Li,Healer,True,True,7,0,5,7,1,88951,40656,8312,38267,9079,166,45588,50810,2853,5207,22677,22232,8311,4,22,2,5,3,1698,2,1,0,1,2,2,1,7806,22,,,,,,,,,,,,,,,,,,,,,,,,,,,,,,,,,,,,,,,,,,,,,,,,,,,,,,,,
Sky Temple_100000005,2024-12-07,Sky Temple,Storm League,True,Player3,Deckard,Healer,True,True,8,1,1,9,1,58462,18211,717,18072,686,2585,40321,53776,26098,6679,27794,25512,8300,9,12,9,5,0,5438,2,0,1,1,3,2,3,7167,20,,,,,,,,,,,,,,,,,,,,,,,,,,,,,,,,,,,,,,,,,,,,,,,,,,,,,,,,
Sky Temple_100000005,2024-12-07,Sky Temple,Storm League,True,Player4,Deathwing,Bruiser,True,True,5,3,3,10,3,30828,52650,6955,10172,7055,4935,31826,55748,2406,2631,13361,12623,10745,75,19,14,9,6,2730,3,2,1,0,2,2,3,6249,15,,,,,,,,,,,,,,,,,,,,,,,,,,,,,,,,,,,,,,,,,,,,,,,,,,,,,,,,
Sky Temple_100000005,2024-12-07,Sky Temple,Storm League,True,Player5,Anduin,Healer,True,True,6,3,3,10,2,24081,14357,13904,33716,570,1034,24406,35466,24007,2966,22545,28587,1061,39,28,11,5,7,1259,1,2,1,1,2,0,0,4212,17,,,,,,,,,,,,,,,,,,,,,,,,,,,,,,,,,,,,,,,,,,,,,,,,,,,,,,,,
Sky Temple_100000005,2024-12-07,Sky Temple,Storm League,False,Rival5,Qhira,Melee Assassin,False,False,11,3,5,3,3,54116,51139,7311,19062,4678,4023,33118,28037,1111,6986,12426,24812,5657,113,5,10,10,5,1063,2,2,0,2,1,1,1,4994,18,,,,,,,,,,,,,,,,,,,,,,,,,,,,,,,,,,,,,,,,,,,,,,,,,,,,,,,,
Sky Temple_100000005,2024-12-07,Sky Temple,Storm League,False,Rival8,Nova,Ranged Assassin,False,False,3,3,1,7,5,68353,35631,13167,13504,1412,538,40269,46093,3921,4306,23460,35203,13416,147,4,4,5,10,1215,3,3,2,2,2,0,1,5057,21,,,,,,,,,,,,,,,,,,,,,,,,,,,,,,,,,,,,,,,,,,,,,,,,,,,,,,,,
Sky Temple_100000005,2024-12-07,Sky Temple,Storm League,False,Rival3,Uther,Healer,False,False,14,0,1,10,2,59862,15790,2653,26145,3694,2834,54006,38615,5168,2052,16432,30809,18049,70,8,20,4,9,8740,0,1,2,2,1,0,2,8617,15,,,,,,,,,,,,,,,,,,,,,,,,,,,,,,,,,,,,,,,,,,,,,,,,,,,,,,,,
Sky Temple_100000005,2024-12-07,Sky Temple,Storm League,False,Rival7,Abathur,Support,False,False,0,0,6,11,3,47631,55263,9373,32301,496,4079,61101,55754,18983,5258,19899,25825,8024,103,19,14,1,0,2589,3,3,1,1,1,1,1,6560,20,,,,,,,,,,,,,,,,,,,,,,,,,,,,,,,,,,,,,,,,,,,,,,,,,,,,,,,,
Sky Temple_100000005,2024-12-07,Sky Temple,Storm League,False,Rival6,Blaze,Tank,False,False,8,1,3,10,5,33917,25913,3960,35570,2007,2191,49464,36247,1154,793,11658,19509,12587,107,15,5,5,9,5123,1,1,1,2,3,1,2,8074,15,,,,,,,,,,,,,,,,,,,,,,,,,,,,,,,,,,,,,,,,,,,,,,,,,,,,,,,,
Tomb of the Spider Queen_100000006,2024-12-14,Tomb of the Spider Queen,Storm League,False,Player2,Brightwing,Healer,True,True,8,0,4,4,3,67943,55060,6606,28982,741,3281,23352,57373,36819,1594,21879,28128,9456,18,24,16,7,8,4582,0,1,0,1,2,1,2,5181,18,,,,,,,,,,,,,,,,,,,,,,,,,,,,,,,,,,,,,,,,,,,,,,,,,,,,,,,,
Tomb of the Spider Queen_100000006,2024-12-14,Tomb of the Spider Queen,Storm League,False,Player3,Malthael,Bruiser,True,True,11,4,1,2,1,37961,51765,5456,36047,8508,3743,29760,59731,4223,1145,20746,30089,10437,41,25,19,4,9,5511,3,2,1,0,2,1,0,7412,19,,,,,,,,,,,,,,,,,,,,,,,,,,,,,,,,,,,,,,,,,,,,,,,,,,,,,,,,
Tomb of the Spider Queen_100000006,2024-12-14,Tomb of the Spider Queen,Storm League,False,Player4,Rexxar,Bruiser,True,True,4,3,3,12,5,49824,52277,841,36486,2793,4294,61223,67263,3114,1210,36924,32306,7936,8,36,3,3,0,7225,2,3,0,1,1,1,3,4510,17,,,,,,,,,,,,,,,,,,,,,,,,,,,,,,,,,,,,,,,,,,,,,,,,,,,,,,,,
Tomb of the Spider Queen_100000006,2024-12-14,Tomb of the Spider Queen,Storm League,False,Player5,Orphea,Ranged Assassin,True,True,9,4,3,12,4,88875,29695,5140,16349,7531,4367,42434,55800,2902,5536,35296,38431,8662,123,12,7,4,8,4890,1,2,1,2,1,2,3,6597,22,,,,,,,,,,,,,,,,,,,,,,,,,,,,,,,,,,,,,,,,,,,,,,,,,,,,,,,,
Tomb of the Spider Queen_100000006,2024-12-14,Tomb of the Spider Queen,Storm League,False,Player6,Hanzo,Ranged Assassin,True,True,9,2,3,3,5,69767,30856,13408,27618,2399,2379,22756,38850,647,2837,24495,31494,8403,122,13,6,8,4,9208,2,1,0,2,1,0,0,8350,18,,,,,,,,,,,,,,,,,,,,,,,,,,,,,,,,,,,,,,,,,,,,,,,,,,,,,,,,
Tomb of the Spider Queen_100000006,2024-12-14,Tomb of the Spider Queen,Storm League,True,Rival4,Rehgar,Healer,False,False,3,0,4,7,4,33178,49642,12628,14009,84,4508,30350,46667,31175,3911,31316,16535,9412,82,18,20,0,1,9406,1,0,0,1,1,0,3,8058,17,,,,,,,,,,,,,,,,,,,,,,,,,,,,,,,,,,,,,,,,,,,,,,,,,,,,,,,,
Tomb of the Spider Queen_100000006,2024-12-14,Tomb of the Spider Queen,Storm League,True,Rival6,Tyrael,Tank,False,False,4,0,3,11,5,34064,26957,4662,34776,8901,4295,52369,28794,4130,3834,18940,16318,3691,84,10,14,10,4,3050,0,2,1,2,1,0,3,7503,20,,,,,,,,,,,,,,,,,,,,,,,,,,,,,,,,,,,,,,,,,,,,,,,,,,,,,,,,
Tomb of the Spider Queen_100000006,2024-12-14,Tomb of the Spider Queen,Storm League,True,Rival1,Xul,Bruiser,False,False,4,0,2,4,4,62415,21256,111,22090,6284,1929,49277,69398,2187,7815,20801,19894,19086,146,0,8,10,5,3871,0,0,1,1,1,1,2,4961,19,,,,,,,,,,,,,,,,,,,,,,,,,,,,,,,,,,,,,,,,,,,,,,,,,,,,,,,,
Tomb of the Spider Queen_100000006,2024-12-14,Tomb of the Spider Queen,Storm League,True,Rival8,Zarya,Support,False,False,9,1,2,4,4,40078,34817,12250,29485,6813,4499,50856,69633,35226,6569,31761,37053,7156,63,38,2,8,7,8653,2,0,2,0,0,2,1,8691,17,,,,,,,,,,,,,,,,,,,,,,,,,,,,,,,,,,,,,,,,,,,,,,,,,,,,,,,,
Tomb of the Spider Queen_100000006,2024-12-14,Tomb of the Spider Queen,Storm League,True,Rival3,Qhira,Melee Assassin,False,False,4,4,4,3,2,84071,10959,14727,38447,7298,455,49716,28647,4204,3403,24968,28478,1891,143,29,9,0,6,4169,0,1,2,0,0,1,2,4522,15,,,,,,,,,,,,,,,,,,,,,,,,,,,,,,,,,,,,,,,,,,,,,,,,,,,,,,,,
Towers of Doom_100000007,2025-01-04,Towers of Doom,Storm League,True,Player1,Auriel,Healer,True,True,7,2,1,4,5,71518,39658,2086,19594,56,186,39553,50343,35680,3474,27430,22428,7525,63,29,11,2,4,3088,0,0,2,1,0,0,1,4551,16,,,,,,,,,,,,,,,,,,,,,,,,,,,,,,,,,,,,,,,,,,,,,,,,,,,,,,,,
Towers of Doom_100000007,2025-01-04,Towers of Doom,Storm League,True,Player3,Qhira,Melee Assassin,True,True,3,4,6,2,2,25798,31362,7191,20357,8843,1779,69439,23699,1147,4127,19478,17673,18877,81,36,19,10,5,3881,2,1,2,2,1,1,2,6254,15,,,,,,,,,,,,,,,,,,,,,,,,,,,,,,,,,,,,,,,,,,,,,,,,,,,,,,,,
Towers of Doom_100000007,2025-01-04,Towers of Doom,Storm League,True,Player4,Anduin,Healer,True,True,12,1,6,12,4,84962,8072,5642,29979,8592,2611,65633,47284,26755,1222,19826,22335,6025,137,30,7,3,4,2365,3,0,2,1,3,2,1,7181,18,,,,,,,,,,,,,,,,,,,,,,,,,,,,,,,,,,,,,,,,,,,,,,,,,,,,,,,,
Towers of Doom_100000007,2025-01-04,Towers of Doom,Storm League,True,Player5,Junkrat,Ranged Assassin,True,True,5,2,6,3,4,68637,11059,8775,17483,844,2199,44718,64149,4955,4939,11295,38626,2384,48,37,17,3,7,3422,2,2,0,0,1,2,0,7923,18,,,,,,,,,,,,,,,,,,,,,,,,,,,,,,,,,,,,,,,,,,,,,,,,,,,,,,,,
Towers of Doom_100000007,2025-01-04,Towers of Doom,Storm League,True,Player6,Mei,Tank,True,True,6,1,5,7,3,69894,35556,8743,28544,5053,2142,43569,53607,4073,3817,13231,36306,15384,81,13,11,5,6,749,1,1,0,1,3,1,1,5607,20,,,,,,,,,,,,,,,,,,,,,,,,,,,,,,,,,,,,,,,,,,,,,,,,,,,,,,,,
Towers of Doom_100000007,2025-01-04,Towers of Doom,Storm League,False,Rival3,Nova,Ranged Assassin,False,False,6,4,2,9,5,64245,21864,12506,37022,8037,3775,31025,68022,2885,1386,14586,33603,17909,125,11,17,10,0,8584,0,0,2,0,0,1,1,5895,16,,,,,,,,,,,,,,,,,,,,,,,,,,,,,,,,,,,,,,,,,,,,,,,,,,,,,,,,
Towers of Doom_100000007,2025-01-04,Towers of Doom,Storm League,False,Rival10,Mal'Ganis,Tank,False,False,2,1,5,9,3,27923,45490,10448,36667,7993,128,20433,54879,4519,3369,10388,10548,17347,70,34,9,0,8,7054,1,0,0,2,1,0,1,8312,19,,,,,,,,,,,,,,,,,,,,,,,,,,,,,,,,,,,,,,,,,,,,,,,,,,,,,,,,
Towers of Doom_100000007,2025-01-04,Towers of Doom,Storm League,False,Rival7,Blaze,Tank,False,False,7,3,1,7,4,80161,42027,3984,19801,4914,660,62843,62591,259,765,23280,22427,12359,141,30,1,10,0,2807,0,3,1,2,2,2,0,8326,15,,,,,,,,,,,,,,,,,,,,,,,,,,,,,,,,,,,,,,,,,,,,,,,,,,,,,,,,
Towers of Doom_100000007,2025-01-04,Towers of Doom,Storm League,False,Rival9,Zeratul,Melee Assassin,False,False,4,4,4,6,1,29744,49854,4593,7156,2938,2576,21026,33576,4808,1181,34649,36892,13051,19,19,5,9,3,9284,3,2,1,2,1,2,0,8102,20,,,,,,,,,,,,,,,,,,,,,,,,,,,,,,,,,,,,,,,,,,,,,,,,,,,,,,,,
Towers of Doom_100000007,2025-01-04,Towers of Doom,Storm League,False,Rival4,Yrel,Bruiser,False,False,0,3,2,3,3,71996,55695,5347,6941,4478,3690,52152,34951,2914,4530,22301,24150,6086,149,24,2,9,4,4037,0,0,1,0,3,2,1,7191,20,,,,,,,,,,,,,,,,,,,,,,,,,,,,,,,,,,,,,,,,,,,,,,,,,,,,,,,,
Volskaya Foundry_100000008,2025-01-11,Volskaya Foundry,Quick Match,True,Player1,Lúcio,Healer,True,True,11,0,1,3,3,32198,44120,9798,26261,6311,101,39126,47119,25414,6382,12775,33751,18334,62,36,16,2,10,6237,1,1,1,1,2,1,1,4518,17,,,,,,,,,,,,,,,,,,,,,,,,,,,,,,,,,,,,,,,,,,,,,,,,,,,,,,,,
Volskaya Foundry_100000008,2025-01-11,Volskaya Foundry,Quick Match,True,Player2,Chen,Bruiser,True,True,8,3,3,9,1,67333,21495,4040,37492,9728,1601,50006,27010,1109,2495,10221,22966,10886,97,21,14,5,6,9738,1,2,1,2,1,1,2,5455,21,,,,,,,,,,,,,,,,,,,,,,,,,,,,,,,,,,,,,,,,,,,,,,,,,,,,,,,,
Volskaya Foundry_100000008,2025-01-11,Volskaya Foundry,Quick Match,True,Player4,Brightwing,Healer,True,True,7,3,5,5,3,69290,23369,13377,30751,5980,932,56952,33094,38812,4469,15895,32338,18025,6,29,6,7,4,1133,3,3,0,2,2,0,2,5262,21,,,,,,,,,,,,,,,,,,,,,,,,,,,,,,,,,,,,,,,,,,,,,,,,,,,,,,,,
Volskaya Foundry_100000008,2025-01-11,Volskaya Foundry,Quick Match,True,Player5,Abathur,Support,True,True,6,3,5,9,5,72534,40020,8300,32413,8907,301,43562,65982,35186,4864,30911,39963,2784,27,15,11,2,10,725,3,2,1,0,0,0,2,5818,18,,,,,,,,,,,,,,,,,,,,,,,,,,,,,,,,,,,,,,,,,,,,,,,,,,,,,,,,
Volskaya Foundry_100000008,2025-01-11,Volskaya Foundry,Quick Match,True,Player6,Kerrigan,Melee Assassin,True,True,9,3,4,12,5,85597,14879,5651,6609,7909,856,39361,47261,703,950,37240,33925,4642,89,19,10,7,3,8537,3,2,1,0,3,2,3,6612,16,,,,,,,,,,,,,,,,,,,,,,,,,,,,,,,,,,,,,,,,,,,,,,,,,,,,,,,,
Volskaya Foundry_100000008,2025-01-11,Volskaya Foundry,Quick Match,False,Rival8,Brightwing,Healer,False,False,4,0,1,7,1,41542,53528,3996,38816,2858,4521,30494,41691,36690,3492,25140,17597,13272,47,11,20,10,6,6481,0,1,1,2,3,1,0,5759,18,,,,,,,,,,,,,,,,,,,,,,,,,,,,,,,,,,,,,,,,,,,,,,,,,,,,,,,,
Volskaya Foundry_100000008,2025-01-11,Volskaya Foundry,Quick Match,False,Rival6,Fenix,Ranged Assassin,False,False,10,0,5,3,5,44505,28972,5340,17915,7496,933,37193,63955,4009,4323,30942,20269,19561,99,39,12,9,1,5700,2,3,2,0,2,2,0,5097,20,,,,,,,,,,,,,,,,,,,,,,,,,,,,,,,,,,,,,,,,,,,,,,,,,,,,,,,,
Volskaya Foundry_100000008,2025-01-11,Volskaya Foundry,Quick Match,False,Rival5,Murky,Melee Assassin,False,False,2,2,1,4,3,38528,38477,6364,32409,9771,1129,57670,45146,3465,1521,25947,30824,17608,44,35,5,7,4,2298,1,2,1,2,0,1,0,7969,17,,,,,,,,,,,,,,,,,,,,,,,,,,,,,,,,,,,,,,,,,,,,,,,,,,,,,,,,
Volskaya Foundry_100000008,2025-01-11,Volskaya Foundry,Quick Match,False,Rival1,Nova,Ranged Assassin,False,False,9,3,5,10,4,73626,49872,8056,32238,7272,4003,30961,25417,4631,252,36079,34938,7226,74,2,8,3,8,4729,1,3,2,2,3,2,0,8691,16,,,,,,,,,,,,,,,,,,,,,,,,,,,,,,,,,,,,,,,,,,,,,,,,,,,,,,,,
Volskaya Foundry_100000008,2025-01-11,Volskaya Foundry,Quick Match,False,Rival2,The Butcher,Melee Assassin,False,False,10,4,3,10,1,77850,40805,3580,32862,1677,2027,39510,22112,3684,2152,21422,38252,2850,112,7,7,3,9,5744,3,1,2,0,1,0,0,8670,20,,,,,,,,,,,,,,,,,,,,,,,,,,,,,,,,,,,,,,,,,,,,,,,,,,,,,,,,
Cursed Hollow_100000009,2025-02-08,Cursed Hollow,ARAM,False,Player1,Stitches,Tank,True,True,7,1,2,4,3,52447,54903,13820,30736,8019,1164,57842,61445,2201,5143,23573,22293,14810,19,40,2,6,8,4558,2,3,1,1,0,2,0,7755,20,,,,,,,,,,,,,,,,,,,,,,,,,,,,,,,,,,,,,,,,,,,,,,,,,,,,,,,,
Cursed Hollow_100000009,2025-02-08,Cursed Hollow,ARAM,False,Player2,Johanna,Tank,True,True,7,4,4,5,4,47767,37421,4399,26159,4646,2766,55868,57875,1069,4637,37932,25903,11263,12,2,3,10,7,266,0,1,1,1,0,1,1,5080,19,,,,,,,,,,,,,,,,,,,,,,,,,,,,,,,,,,,,,,,,,,,,,,,,,,,,,,,,
Cursed Hollow_100000009,2025-02-08,Cursed Hollow,ARAM,False,Player3,Tyrael,Tank,True,True,8,2,1,12,3,52819,10401,6092,15847,848,3246,60999,40021,1918,3516,31478,12988,3118,0,13,15,1,2,9726,1,3,0,0,2,0,3,5082,22,,,,,,,,,,,,,,,,,,,,,,,,,,,,,,,,,,,,,,,,,,,,,,,,,,,,,,,,
Cursed Hollow_100000009,2025-02-08,Cursed Hollow,ARAM,False,Player5,E.T.C.,Tank,True,True,2,3,1,3,1,61071,29088,14434,24611,2246,3135,69358,28725,1170,560,27383,28457,277,42,28,11,3,10,2480,3,3,0,0,0,0,0,8829,21,,,,,,,,,,,,,,,,,,,,,,,,,,,,,,,,,,,,,,,,,,,,,,,,,,,,,,,,
Cursed Hollow_100000009,2025-02-08,Cursed Hollow,ARAM,False,Player6,Leoric,Bruiser,True,True,8,2,2,5,3,31042,21263,9066,23672,439,2471,33464,53931,4971,4174,16181,34505,12836,75,3,7,7,6,1847,1,3,2,2,0,2,0,6958,20,,,,,,,,,,,,,,,,,,,,,,,,,,,,,,,,,,,,,,,,,,,,,,,,,,,,,,,,
Cursed Hollow_100000009,2025-02-08,Cursed Hollow,ARAM,True,Rival5,Zarya,Support,False,False,5,4,4,7,5,42645,54986,7717,9783,273,4811,24425,20903,17182,1767,11305,11981,13040,129,18,20,8,6,6939,3,0,2,2,1,1,0,6538,16,,,,,,,,,,,,,,,,,,,,,,,,,,,,,,,,,,,,,,,,,,,,,,,,,,,,,,,,
Cursed Hollow_100000009,2025-02-08,Cursed Hollow,ARAM,True,Rival10,Cassia,Ranged Assassin,False,False,9,1,5,7,4,28665,25327,11447,33671,3909,474,36022,25650,3559,950,24856,30063,19950,14,19,5,1,0,2248,0,1,1,1,2,0,2,5039,19,,,,,,,,,,,,,,,,,,,,,,,,,,,,,,,,,,,,,,,,,,,,,,,,,,,,,,,,
Cursed Hollow_100000009,2025-02-08,Cursed Hollow,ARAM,True,Rival9,Deathwing,Bruiser,False,False,7,0,3,8,3,88662,9185,4308,10050,8128,3728,53474,43601,454,4092,38159,28575,5468,94,10,8,1,9,1889,1,0,0,0,1,0,3,6981,21,,,,,,,,,,,,,,,,,,,,,,,,,,,,,,,,,,,,,,,,,,,,,,,,,,,,,,,,
Cursed Hollow_100000009,2025-02-08,Cursed Hollow,ARAM,True,Rival7,Mei,Tank,False,False,3,0,5,12,4,49427,26089,4067,32279,5241,2222,25104,57456,3054,978,26450,32063,1725,45,14,16,0,6,1129,3,2,1,1,0,2,3,4065,20,,,,,,,,,,,,,,,,,,,,,,,,,,,,,,,,,,,,,,,,,,,,,,,,,,,,,,,,
Cursed Hollow_100000009,2025-02-08,Cursed Hollow,ARAM,True,Rival8,Arthas,Tank,False,False,5,4,3,11,2,80807,29135,9694,37332,3201,4477,69838,36064,1233,52,23436,10783,7634,138,22,20,0,5,23,3,2,0,0,1,1,3,4490,17,,,,,,,,,,,,,,,,,,,,,,,,,,,,,,,,,,,,,,,,,,,,,,,,,,,,,,,,
Garden of Terror_100000010,2025-02-15,Garden of Terror,Storm League,True,Player1,Johanna,Tank,True,True,5,4,1,8,2,51034,24115,4276,25644,6438,2672,40844,49671,2227,1913,12447,16642,4460,149,6,4,1,2,7365,3,2,1,0,2,0,3,6525,22,,,,,,,,,,,,,,,,,,,,,,,,,,,,,,,,,,,,,,,,,,,,,,,,,,,,,,,,
Garden of Terror_100000010,2025-02-15,Garden of Terror,Storm League,True,Player2,Brightwing,Healer,True,True,10,0,1,4,3,25286,19091,13695,26482,2430,747,66606,36267,23313,3246,26825,11604,9792,66,11,0,6,7,9108,1,0,1,0,1,0,0,4505,18,,,,,,,,,,,,,,,,,,,,,,,,,,,,,,,,,,,,,,,,,,,,,,,,,,,,,,,,
Garden of Terror_100000010,2025-02-15,Garden of Terror,Storm League,True,Player3,Anub'arak,Tank,True,True,3,3,3,12,1,53924,58264,1228,6428,1056,1619,62335,49060,1055,753,39657,37763,10864,31,2,14,0,2,9402,3,3,1,0,3,2,3,5415,20,,,,,,,,,,,,,,,,,,,,,,,,,,,,,,,,,,,,,,,,,,,,,,,,,,,,,,,,
Garden of Terror_100000010,2025-02-15,Garden of Terror,Storm League,True,Player4,Gul'dan,Ranged Assassin,True,True,4,2,3,9,2,24541,45246,10144,21107,4835,4086,47000,56089,3924,499,12874,19167,12550,35,26,6,10,8,4082,0,3,2,1,3,2,3,6818,20,,,,,,,,,,,,,,,,,,,,,,,,,,,,,,,,,,,,,,,,,,,,,,,,,,,,,,,,
Garden of Terror_100000010,2025-02-15,Garden of Terror,Storm League,True,Player6,Sgt. Hammer,Ranged Assassin,True,True,8,1,1,7,5,48707,6920,14676,23411,959,3864,54696,43424,4784,1906,15230,13281,8121,61,17,17,0,3,9432,3,2,0,0,1,2,2,6939,15,,,,,,,,,,,,,,,,,,,,,,,,,,,,,,,,,,,,,,,,,,,,,,,,,,,,,,,,
Garden of Terror_100000010,2025-02-15,Garden of Terror,Storm League,False,Rival7,Tracer,Ranged Assassin,False,False,9,4,2,11,2,84517,40528,5063,16505,8035,310,25915,23681,1905,4928,17169,10653,17250,122,0,10,9,3,2137,2,1,1,0,0,0,1,4908,20,,,,,,,,,,,,,,,,,,,,,,,,,,,,,,,,,,,,,,,,,,,,,,,,,,,,,,,,
Garden of Terror_100000010,2025-02-15,Garden of Terror,Storm League,False,Rival6,Cassia,Ranged Assassin,False,False,3,3,5,3,3,59552,26142,2235,15322,7157,3991,62544,40793,1427,5793,28414,32726,11692,57,37,5,6,4,4825,1,1,2,0,3,2,0,5491,20,,,,,,,,,,,,,,,,,,,,,,,,,,,,,,,,,,,,,,,,,,,,,,,,,,,,,,,,
Garden of Terror_100000010,2025-02-15,Garden of Terror,Storm League,False,Rival8,Rexxar,Bruiser,False,False,8,4,1,9,2,63406,53846,1274,20597,5682,2617,31002,61693,726,6731,33231,31955,11001,114,0,8,3,3,1110,2,2,0,2,0,0,3,7589,21,,,,,,,,,,,,,,,,,,,,,,,,,,,,,,,,,,,,,,,,,,,,,,,,,,,,,,,,
Garden of Terror_100000010,2025-02-15,Garden of Terror,Storm League,False,Rival9,Deathwing,Bruiser,False,False,5,3,4,7,5,69197,11647,13579,36423,9470,1847,30659,49575,603,6547,37713,11094,9663,5,20,8,1,1,5600,1,3,0,2,0,2,0,6768,22,,,,,,,,,,,,,,,,,,,,,,,,,,,,,,,,,,,,,,,,,,,,,,,,,,,,,,,,
Garden of Terror_100000010,2025-02-15,Garden of Terror,Storm League,False,Rival1,Varian,Bruiser,False,False,3,1,5,8,2,27019,11636,5424,18470,3112,3352,65691,56314,4424,2173,31646,19224,9745,60,6,1,6,9,9005,3,1,0,1,0,1,0,6412,22,,,,,,,,,,,,,,,,,,,,,,,,,,,,,,,,,,,,,,,,,,,,,,,,,,,,,,,,
Hanamura Temple_100000011,2025-03-01,Hanamura Temple,Storm League,True,Player1,Garrosh,Tank,True,True,6,4,4,4,3,69996,29209,3056,34214,731,2156,48818,50478,2157,1853,37429,18800,18489,15,9,3,1,10,5632,3,1,2,0,3,2,3,8386,22,,,,,,,,,,,,,,,,,,,,,,,,,,,,,,,,,,,,,,,,,,,,,,,,,,,,,,,,
Hanamura Temple_100000011,2025-03-01,Hanamura Temple,Storm League,True,Player2,Cassia,Ranged Assassin,True,True,6,2,1,8,1,85811,42435,14753,38870,9363,1207,27882,69623,3678,1416,15477,16943,6315,32,2,13,1,10,7133,1,1,2,1,2,2,0,4712,21,,,,,,,,,,,,,,,,,,,,,,,,,,,,,,,,,,,,,,,,,,,,,,,,,,,,,,,,
Hanamura Temple_100000011,2025-03-01,Hanamura Temple,Storm League,True,Player3,Ana,Healer,True,True,11,4,3,6,5,80051,5810,12886,39246,6874,921,47160,29806,9712,4641,29265,29093,3283,27,36,3,4,8,5633,3,2,1,2,3,2,3,4306,17,,,,,,,,,,,,,,,,,,,,,,,,,,,,,,,,,,,,,,,,,,,,,,,,,,,,,,,,
Hanamura Temple_100000011,2025-03-01,Hanamura Temple,Storm League,True,Player4,Gazlowe,Bruiser,True,True,7,1,5,11,4,25083,30938,14574,26724,3892,403,68873,51143,2200,7348,22204,10662,11071,77,19,8,7,10,1609,1,1,1,2,3,1,2,7414,16,,,,,,,,,,,,,,,,,,,,,,,,,,,,,,,,,,,,,,,,,,,,,,,,,,,,,,,,
Hanamura Temple_100000011,2025-03-01,Hanamura Temple,Storm League,True,Player5,E.T.C.,Tank,True,True,6,1,4,9,5,69009,58806,920,38768,2604,537,40389,66502,4151,3304,14444,35575,17179,145,1,5,3,3,944,1,0,1,0,2,2,1,6244,20,,,,,,,,,,,,,,,,,,,,,,,,,,,,,,,,,,,,,,,,,,,,,,,,,,,,,,,,
Hanamura Temple_100000011,2025-03-01,Hanamura Temple,Storm League,False,Rival5,Kerrigan,Melee Assassin,False,False,11,3,6,3,1,51711,29409,8008,34235,2909,3887,58461,56132,2865,2820,15358,37448,8475,23,18,0,6,0,2669,1,1,2,0,1,1,3,8204,15,,,,,,,,,,,,,,,,,,,,,,,,,,,,,,,,,,,,,,,,,,,,,,,,,,,,,,,,
Hanamura Temple_100000011,2025-03-01,Hanamura Temple,Storm League,False,Rival2,Malthael,Bruiser,False,False,3,1,6,4,5,21109,19664,4135,25018,4511,3471,44672,42853,3760,2064,17150,25292,9900,133,39,12,9,1,120,2,2,1,2,0,1,0,6754,19,,,,,,,,,,,,,,,,,,,,,,,,,,,,,,,,,,,,,,,,,,,,,,,,,,,,,,,,
Hanamura Temple_100000011,2025-03-01,Hanamura Temple,Storm League,False,Rival8,Qhira,Melee Assassin,False,False,11,2,3,12,3,44688,14825,8475,20748,930,4915,46482,63288,2618,5576,14585,33635,834,127,18,8,6,6,6361,0,1,1,2,1,2,3,6936,19,,,,,,,,,,,,,,,,,,,,,,,,,,,,,,,,,,,,,,,,,,,,,,,,,,,,,,,,
Hanamura Temple_100000011,2025-03-01,Hanamura Temple,Storm League,False,Rival7,Raynor,Ranged Assassin,False,False,8,4,2,6,1,81706,13384,12139,21951,9159,1499,64545,41996,731,1820,21641,17318,10062,107,21,11,4,9,4817,3,0,1,0,0,1,1,8099,16,,,,,,,,,,,,,,,,,,,,,,,,,,,,,,,,,,,,,,,,,,,,,,,,,,,,,,,,
Hanamura Temple_100000011,2025-03-01,Hanamura Temple,Storm League,False,Rival1,Yrel,Bruiser,False,False,10,2,4,2,2,38004,18126,5614,31816,9329,3748,29386,40734,1477,6381,12648,25977,10899,45,20,20,0,0,7406,2,1,0,2,1,1,0,5060,21,,,,,,,,,,,,,,,,,,,,,,,,,,,,,,,,,,,,,,,,,,,,,,,,,,,,,,,,
Alterac Pass_100000012,2025-03-15,Alterac Pass,Storm League,False,Player2,Varian,Bruiser,True,True,4,2,3,4,1,70272,37986,9644,25061,2736,534,22996,39542,2382,3734,33849,27048,19541,134,21,13,10,2,5615,3,2,0,0,3,0,1,5837,17,,,,,,,,,,,,,,,,,,,,,,,,,,,,,,,,,,,,,,,,,,,,,,,,,,,,,,,,
Alterac Pass_100000012,2025-03-15,Alterac Pass,Storm League,False,Player3,Muradin,Tank,True,True,8,0,5,10,2,36143,29024,11650,7448,6147,2095,55044,60837,398,4865,11571,31691,3542,5,3,3,6,7,6230,0,2,1,2,1,0,0,6466,21,,,,,,,,,,,,,,,,,,,,,,,,,,,,,,,,,,,,,,,,,,,,,,,,,,,,,,,,
Alterac Pass_100000012,2025-03-15,Alterac Pass,Storm League,False,Player4,Medivh,Support,True,True,6,4,3,11,5,37978,32448,13609,11875,8381,964,38527,27471,6964,4077,16509,29955,6545,67,33,6,5,6,4839,1,0,2,1,1,2,3,6708,18,,,,,,,,,,,,,,,,,,,,,,,,,,,,,,,,,,,,,,,,,,,,,,,,,,,,,,,,
Alterac Pass_100000012,2025-03-15,Alterac Pass,Storm League,False,Player5,Ragnaros,Bruiser,True,True,0,0,1,11,4,39548,10903,12771,38535,1229,829,36770,62227,1893,3741,19700,18654,15213,12,6,5,0,4,5901,2,3,2,0,0,0,0,5133,17,,,,,,,,,,,,,,,,,,,,,,,,,,,,,,,,,,,,,,,,,,,,,,,,,,,,,,,,
Alterac Pass_100000012,2025-03-15,Alterac Pass,Storm League,False,Player6,Malfurion,Healer,True,True,7,3,5,6,1,68840,58409,5615,16984,1865,3283,46230,49919,17814,6846,22639,32606,15671,107,10,3,2,0,2611,0,3,2,1,3,0,3,6937,15,,,,,,,,,,,,,,,,,,,,,,,,,,,,,,,,,,,,,,,,,,,,,,,,,,,,,,,,
Alterac Pass_100000012,2025-03-15,Alterac Pass,Storm League,True,Rival1,Alarak,Melee Assassin,False,False,5,3,1,8,4,26025,9150,4286,25593,202,4299,68734,57791,4628,1834,31949,38611,11085,132,33,19,1,6,4072,3,2,2,2,3,0,0,4095,17,,,,,,,,,,,,,,,,,,,,,,,,,,,,,,,,,,,,,,,,,,,,,,,,,,,,,,,,
Alterac Pass_100000012,2025-03-15,Alterac Pass,Storm League,True,Rival10,Leoric,Bruiser,False,False,14,3,4,4,1,84441,26013,3946,26685,4557,412,53222,34595,4509,5270,22407,23214,7700,20,29,14,9,7,1442,3,3,1,0,3,2,0,4840,21,,,,,,,,,,,,,,,,,,,,,,,,,,,,,,,,,,,,,,,,,,,,,,,,,,,,,,,,
Alterac Pass_100000012,2025-03-15,Alterac Pass,Storm League,True,Rival4,Sonya,Bruiser,False,False,6,4,5,2,1,59924,38314,9213,18556,7474,2792,43812,23556,1826,6916,24891,20878,18355,121,23,14,1,1,3633,0,2,1,2,2,2,2,4870,15,,,,,,,,,,,,,,,,,,,,,,,,,,,,,,,,,,,,,,,,,,,,,,,,,,,,,,,,
Alterac Pass_100000012,2025-03-15,Alterac Pass,Storm League,True,Rival6,Gall,Ranged Assassin,False,False,5,1,6,8,1,53330,45032,3209,17290,1978,3218,34128,49952,1561,5871,21073,13531,13581,11,40,18,1,7,7493,1,3,0,2,0,2,3,8793,22,,,,,,,,,,,,,,,,,,,,,,,,,,,,,,,,,,,,,,,,,,,,,,,,,,,,,,,,
Alterac Pass_100000012,2025-03-15,Alterac Pass,Storm League,True,Rival3,Alexstrasza,Healer,False,False,14,1,6,11,2,36827,11786,6347,26092,8259,3151,47437,59911,16268,2241,23037,21234,9639,115,8,4,6,9,8393,2,2,2,2,1,0,1,6380,20,,,,,,,,,,,,,,,,,,,,,,,,,,,,,,,,,,,,,,,,,,,,,,,,,,,,,,,,
Braxis Holdout_100000013,2025-04-05,Braxis Holdout,Quick Match,True,Player1,Zarya,Support,True,True,10,3,1,10,1,23312,29960,2381,8477,927,1637,37496,69164,10547,2347,32393,18210,4798,15,18,6,8,0,5876,3,0,2,2,1,2,3,5946,19,,,,,,,,,,,,,,,,,,,,,,,,,,,,,,,,,,,,,,,,,,,,,,,,,,,,,,,,
Braxis Holdout_100000013,2025-04-05,Braxis Holdout,Quick Match,True,Player3,D.Va,Bruiser,True,True,3,3,4,12,3,27051,5849,12184,21471,3327,3629,34781,61535,3012,6185,29280,27911,19771,50,12,9,7,2,1220,1,1,2,2,0,1,0,7510,19,,,,,,,,,,,,,,,,,,,,,,,,,,,,,,,,,,,,,,,,,,,,,,,,,,,,,,,,
Braxis Holdout_100000013,2025-04-05,Braxis Holdout,Quick Match,True,Player4,Xul,Bruiser,True,True,10,1,2,11,3,20739,26663,7640,15145,654,1259,41143,59117,416,6337,30492,30172,9868,125,36,17,5,1,5207,1,1,2,0,1,1,3,4753,20,,,,,,,,,,,,,,,,,,,,,,,,,,,,,,,,,,,,,,,,,,,,,,,,,,,,,,,,
Braxis Holdout_100000013,2025-04-05,Braxis Holdout,Quick Match,True,Player5,Falstad,Ranged Assassin,True,True,4,2,3,7,3,48632,54326,10129,39766,7780,4598,69291,62552,72,939,31919,21337,14603,61,39,19,3,0,5258,3,0,1,1,2,0,2,8213,22,,,,,,,,,,,,,,,,,,,,,,,,,,,,,,,,,,,,,,,,,,,,,,,,,,,,,,,,
Braxis Holdout_100000013,2025-04-05,Braxis Holdout,Quick Match,True,Player6,Rexxar,Bruiser,True,True,7,2,6,5,3,87357,10396,1572,15970,8814,4368,20480,61086,536,1726,31965,30627,6985,108,6,6,8,6,1181,1,0,1,2,2,0,0,4600,15,,,,,,,,,,,,,,,,,,,,,,,,,,,,,,,,,,,,,,,,,,,,,,,,,,,,,,,,
Braxis Holdout_100000013,2025-04-05,Braxis Holdout,Quick Match,False,Rival9,The Butcher,Melee Assassin,False,False,8,2,5,3,5,49837,21950,6678,30430,7391,3313,48378,40735,138,3190,32062,13876,17525,1,39,2,9,0,1189,2,0,1,2,2,2,0,6306,22,,,,,,,,,,,,,,,,,,,,,,,,,,,,,,,,,,,,,,,,,,,,,,,,,,,,,,,,
Braxis Holdout_100000013,2025-04-05,Braxis Holdout,Quick Match,False,Rival6,Ragnaros,Bruiser,False,False,9,0,4,4,5,48818,13937,12234,30624,8941,2416,61552,29442,2441,5548,39064,39955,12226,2,35,17,2,1,684,0,3,2,2,0,1,1,6816,18,,,,,,,,,,,,,,,,,,,,,,,,,,,,,,,,,,,,,,,,,,,,,,,,,,,,,,,,
Braxis Holdout_100000013,2025-04-05,Braxis Holdout,Quick Match,False,Rival2,Tracer,Ranged Assassin,False,False,11,4,2,4,2,48939,45428,13676,21563,3183,938,31885,63973,4647,6981,11782,37898,17984,118,35,2,4,10,1103,2,0,0,2,3,1,2,5050,18,,,,,,,,,,,,,,,,,,,,,,,,,,,,,,,,,,,,,,,,,,,,,,,,,,,,,,,,
Braxis Holdout_100000013,2025-04-05,Braxis Holdout,Quick Match,False,Rival7,Thrall,Bruiser,False,False,3,4,1,5,3,83682,34533,5379,25032,9571,1248,57064,57149,2985,6616,20365,24034,5525,1,20,7,3,10,7145,2,2,0,2,2,1,3,7648,20,,,,,,,,,,,,,,,,,,,,,,,,,,,,,,,,,,,,,,,,,,,,,,,,,,,,,,,,
Braxis Holdout_100000013,2025-04-05,Braxis Holdout,Quick Match,False,Rival3,Zagara,Ranged Assassin,False,False,7,4,1,4,5,30744,23390,14069,14175,8824,1609,37251,68073,626,5959,12470,39232,610,129,40,0,9,9,6637,1,0,2,1,3,2,1,6996,21,,,,,,,,,,,,,,,,,,,,,,,,,,,,,,,,,,,,,,,,,,,,,,,,,,,,,,,,
Cursed Hollow_100000014,2025-04-19,Cursed Hollow,ARAM,True,Player1,Greymane,Ranged Assassin,True,True,9,3,2,4,5,39162,53229,11993,36686,5878,331,34340,69903,3994,1898,12059,18662,12105,59,2,6,8,5,6358,3,3,0,0,2,0,2,6157,17,,,,,,,,,,,,,,,,,,,,,,,,,,,,,,,,,,,,,,,,,,,,,,,,,,,,,,,,
Cursed Hollow_100000014,2025-04-19,Cursed Hollow,ARAM,True,Player2,Tychus,Ranged Assassin,True,True,11,3,3,11,1,87720,21487,6165,19607,8460,3324,43127,42612,3988,6493,25797,39070,19798,1,32,4,7,2,3768,0,2,0,0,1,0,2,8931,16,,,,,,,,,,,,,,,,,,,,,,,,,,,,,,,,,,,,,,,,,,,,,,,,,,,,,,,,
Cursed Hollow_100000014,2025-04-19,Cursed Hollow,ARAM,True,Player4,Kael'thas,Ranged Assassin,True,True,6,2,6,3,4,82759,36393,3452,15567,6732,183,35969,22827,1047,4698,29410,15279,4414,131,2,18,2,0,2725,2,1,2,1,0,2,2,4702,18,,,,,,,,,,,,,,,,,,,,,,,,,,,,,,,,,,,,,,,,,,,,,,,,,,,,,,,,
Cursed Hollow_100000014,2025-04-19,Cursed Hollow,ARAM,True,Player5,Deathwing,Bruiser,True,True,11,3,4,4,2,73840,44376,2338,16919,8369,2166,30991,67460,2807,7555,24859,29547,19352,17,14,12,6,2,1778,0,1,2,2,3,0,0,5453,22,,,,,,,,,,,,,,,,,,,,,,,,,,,,,,,,,,,,,,,,,,,,,,,,,,,,,,,,
Cursed Hollow_100000014,2025-04-19,Cursed Hollow,ARAM,True,Player6,Probius,Ranged Assassin,True,True,6,4,5,3,1,83208,48213,2135,5078,7069,4276,47569,44273,355,5715,27361,24056,7519,123,24,11,9,9,1600,3,1,1,1,1,0,2,8901,21,,,,,,,,,,,,,,,,,,,,,,,,,,,,,,,,,,,,,,,,,,,,,,,,,,,,,,,,
Cursed Hollow_100000014,2025-04-19,Cursed Hollow,ARAM,False,Rival9,Rexxar,Bruiser,False,False,5,0,6,2,5,88490,12722,8515,5471,6144,1682,65073,40702,3349,2967,13492,15071,13961,149,16,8,8,6,9251,2,2,2,1,1,1,3,5464,20,,,,,,,,,,,,,,,,,,,,,,,,,,,,,,,,,,,,,,,,,,,,,,,,,,,,,,,,
Cursed Hollow_100000014,2025-04-19,Cursed Hollow,ARAM,False,Rival10,Alarak,Melee Assassin,False,False,12,3,3,6,5,65135,55737,11558,31091,2262,975,69008,35058,3658,6415,32915,15301,3285,54,32,12,5,8,852,1,3,2,0,0,0,3,8917,21,,,,,,,,,,,,,,,,,,,,,,,,,,,,,,,,,,,,,,,,,,,,,,,,,,,,,,,,
Cursed Hollow_100000014,2025-04-19,Cursed Hollow,ARAM,False,Rival2,Yrel,Bruiser,False,False,1,2,2,7,1,24948,52480,6296,31256,8536,2346,66635,59155,470,7747,35349,36877,5743,126,28,0,3,10,8489,2,1,0,2,1,2,1,4295,20,,,,,,,,,,,,,,,,,,,,,,,,,,,,,,,,,,,,,,,,,,,,,,,,,,,,,,,,
Cursed Hollow_100000014,2025-04-19,Cursed Hollow,ARAM,False,Rival4,Hanzo,Ranged Assassin,False,False,8,0,2,3,3,72354,28142,10971,30896,6642,4801,33127,53930,125,6036,33056,12248,2954,140,18,17,9,5,5693,2,1,2,0,3,1,0,6138,17,,,,,,,,,,,,,,,,,,,,,,,,,,,,,,,,,,,,,,,,,,,,,,,,,,,,,,,,
Cursed Hollow_100000014,2025-04-19,Cursed Hollow,ARAM,False,Rival3,Uther,Healer,False,False,10,0,5,3,5,58568,27280,1917,38638,4222,4406,57676,36393,29017,7913,22356,28453,15847,62,21,14,10,7,9614,0,3,0,1,0,1,1,5883,20,,,,,,,,,,,,,,,,,,,,,,,,,,,,,,,,,,,,,,,,,,,,,,,,,,,,,,,,
